case,model,seed,noise,n_train,n_test,r2,rmse_mm,global_spearman,top1_global_match,local_top1_match,local_cosine_median,local_phi_mae_mm,spurious_share,perm_spearman,dropped_true_share,corr_rs_to_tmax,corr_rs_to_tmin,corr_rs_to_rh,corr_rs_to_u2,corr_rs_to_ps,corr_rs_to_lat,corr_rs_to_doy,corr_rs_to_tmean_obs,corr_rs_to_qv,corr_rs_to_precip,corr_rs_to_cloud
E1_causal_only,hgb,0,0.0,23000,7684,0.9985722632260157,0.0388616611840022,1.0,True,0.96,0.9967022557141149,0.016005835752101915,0.0,1.0,,,,,,,,,,,,
E2_with_proxies,hgb,0,0.0,23000,7684,0.9984508975844435,0.0404797063878781,0.8542277667760306,True,0.935,0.984937555371076,0.02201072734375778,0.05979507392842826,0.8186349431603628,,,,,,,,,,,,
E1_causal_only,rf,0,0.0,23000,7684,0.9938020625561103,0.08096939280369948,0.9761904761904763,True,0.89,0.971448190708399,0.043911240170665125,0.0,0.9523809523809524,,,,,,,,,,,,
E2_with_proxies,rf,0,0.0,23000,7684,0.9939395896956863,0.08006603132962742,0.7367714488443265,True,0.885,0.9495959358153497,0.040388408012771215,0.06886027448654874,0.7723642724599943,,,,,,,,,,,,
E1_causal_only,mlp,0,0.0,23000,7684,0.9989694358356692,0.03301678689077185,0.9761904761904763,True,0.955,0.9868602845817869,0.02760213107191708,0.0,0.9285714285714287,,,,,,,,,,,,
E2_with_proxies,mlp,0,0.0,23000,7684,0.9986020841265791,0.03845367100899585,0.9752433670693017,True,0.925,0.9739202642383167,0.030688521457843933,0.06775066361911775,0.8613463314991642,,,,,,,,,,,,
E1_causal_only,ridge,0,0.0,23000,7684,0.9777293045145605,0.1534843778219833,0.880952380952381,True,0.87,0.9694695908668987,0.04336234292336396,0.0,0.880952380952381,,,,,,,,,,,,
E2_with_proxies,ridge,0,0.0,23000,7684,0.9819524960147974,0.13816748785952612,0.27762402420220994,True,0.43,0.4053729652149771,0.14294875470778712,0.41032516730037655,0.27762402420220994,,,,,,,,,,,,
E3_no_rs,hgb,0,0.0,23000,7684,0.9024557026040901,0.3212167847231416,0.3210170525874725,True,0.325,0.6411076813629907,0.09165402283505239,0.3516938971660153,0.3954557894193501,0.4431769176305293,0.6466089808611482,0.15061958035093484,0.5937687534558461,0.23947299947046563,0.04573843216823289,0.2194124780416292,0.1827316672697043,0.4396441795579734,-0.346293276774611,0.5111325704603292,0.7264369436937731
E3_no_rs,mlp,0,0.0,23000,7684,0.8973018119911289,0.32959353068993397,0.046524210519923545,False,0.05,0.4346607750582345,0.12292912958842868,0.4613404271163293,0.08839599998785475,0.4431769176305293,0.6492880840410121,0.04596552705375449,0.6142344789808125,0.2988735206192277,-0.03962476785550009,0.05858337589078595,0.12345997091888485,0.4179659111975359,0.3640332164779773,0.5000505229259784,0.72154223728462
E4_holdout_kupang,hgb,0,0.0,25570,5114,0.9776909779524106,0.1623413805392625,0.8186349431603628,True,0.875,0.9834712298507235,0.03980233024695328,0.04849002656785559,0.6869414957823914,,,,,,,,,,,,
E4_holdout_2021_24,hgb,0,0.0,21918,8766,0.9983865987070587,0.03934768531233916,0.8542277667760306,True,0.925,0.9841712342884934,0.020347317365289653,0.062011813486927,0.8435499196913303,,,,,,,,,,,,
E5_noise,hgb,0,0.1,23000,7684,0.9928656900889389,0.08687069052305735,0.7794828371831279,True,0.915,0.9773403474243828,0.027831876734504952,0.06496242459059606,0.7332121664827596,,,,,,,,,,,,
E5_noise,hgb,0,0.2,23000,7684,0.9847960595433309,0.1268163847431807,0.811516378437229,True,0.905,0.9752872720685191,0.03190621870081221,0.06943670732151025,0.7581271430137272,,,,,,,,,,,,
E6_bootstrap,hgb,0,0.0,23000,7684,0.9981486745647039,0.04425258777329488,0.8293127902450631,True,0.925,0.9845859211165122,0.02248716370835977,0.06483412693350157,0.8186349431603628,,,,,,,,,,,,
E6_bootstrap,hgb,1,0.0,23000,7684,0.9982151077837983,0.04345135118186761,0.8542277667760306,True,0.925,0.9807379506751894,0.02302750299366337,0.06991829871603093,0.8435499196913303,,,,,,,,,,,,
E6_bootstrap,hgb,2,0.0,23000,7684,0.998082068657125,0.0450416007246147,0.8542277667760306,True,0.95,0.9860444736472158,0.02078469760201623,0.06663783742426813,0.8435499196913303,,,,,,,,,,,,
E6_bootstrap,hgb,3,0.0,23000,7684,0.9982781585043399,0.042676999043531394,0.8542277667760306,True,0.88,0.9841474118596181,0.02193661708394127,0.06201601709320392,0.8435499196913303,,,,,,,,,,,,
E6_bootstrap,hgb,4,0.0,23000,7684,0.9981397611485464,0.044358989406347075,0.8542277667760306,True,0.89,0.9848325578932413,0.02176186457490951,0.0644987080297096,0.8186349431603628,,,,,,,,,,,,
