case,model,seed,noise,n_train,n_test,r2,rmse_mm,global_spearman,top1_global_match,local_top1_match,local_cosine_median,local_phi_mae_mm,spurious_share,perm_spearman,dropped_true_share,corr_rs_to_tmax,corr_rs_to_tmin,corr_rs_to_rh,corr_rs_to_u2,corr_rs_to_ps,corr_rs_to_lat,corr_rs_to_doy,corr_rs_to_tmean_obs,corr_rs_to_qv,corr_rs_to_precip,corr_rs_to_cloud,causal_spearman
E1_causal_only,hgb,0,0.0,23000,7684,0.9985722632260156,0.0388616611840022,1.0,True,0.96,0.9967022557141147,0.0160058357521019,0.0,1.0,,,,,,,,,,,,,1.0
E2_with_proxies,hgb,0,0.0,23000,7684,0.9984508975844436,0.0404797063878781,0.8542277667760306,True,0.935,0.984937555371076,0.0220107273437577,0.0597950739284282,0.8186349431603628,,,,,,,,,,,,,0.9523809523809524
E1_causal_only,rf,0,0.0,23000,7684,0.9938020625561104,0.0809693928036994,0.9761904761904764,True,0.89,0.971448190708399,0.0439112401706651,0.0,0.9523809523809524,,,,,,,,,,,,,0.9761904761904763
E2_with_proxies,rf,0,0.0,23000,7684,0.9939395896956864,0.0800660313296274,0.7367714488443265,True,0.885,0.9495959358153496,0.0403884080127712,0.0688602744865487,0.7723642724599943,,,,,,,,,,,,,0.9761904761904763
E1_causal_only,mlp,0,0.0,23000,7684,0.9989694358356692,0.0330167868907718,0.9761904761904764,True,0.955,0.9868602845817868,0.027602131071917,0.0,0.9285714285714288,,,,,,,,,,,,,0.9761904761904763
E2_with_proxies,mlp,0,0.0,23000,7684,0.9986020841265792,0.0384536710089958,0.9752433670693016,True,0.925,0.9739202642383168,0.0306885214578439,0.0677506636191177,0.8613463314991642,,,,,,,,,,,,,0.9761904761904763
E1_causal_only,ridge,0,0.0,23000,7684,0.9777293045145604,0.1534843778219833,0.880952380952381,True,0.87,0.9694695908668988,0.0433623429233639,0.0,0.880952380952381,,,,,,,,,,,,,0.880952380952381
E2_with_proxies,ridge,0,0.0,23000,7684,0.9819524960147974,0.1381674878595261,0.2776240242022099,True,0.43,0.4053729652149771,0.1429487547077871,0.4103251673003765,0.2776240242022099,,,,,,,,,,,,,0.8333333333333335
E3_no_rs,hgb,0,0.0,23000,7684,0.90245570260409,0.3212167847231416,0.3210170525874725,True,0.325,0.6411076813629907,0.0916540228350523,0.3516938971660153,0.3954557894193501,0.4431769176305293,0.6466089808611482,0.1506195803509348,0.5937687534558461,0.2394729994704656,0.0457384321682328,0.2194124780416292,0.1827316672697043,0.4396441795579734,-0.346293276774611,0.5111325704603292,0.7264369436937731,0.5714285714285715
E3_no_rs,mlp,0,0.0,23000,7684,0.8973018119911289,0.3295935306899339,0.0465242105199235,False,0.05,0.4346607750582345,0.1229291295884286,0.4613404271163293,0.0883959999878547,0.4431769176305293,0.6492880840410121,0.0459655270537544,0.6142344789808125,0.2988735206192277,-0.0396247678555,0.0585833758907859,0.1234599709188848,0.4179659111975359,0.3640332164779773,0.5000505229259784,0.72154223728462,0.42857142857142866
E4_holdout_kupang,hgb,0,0.0,25570,5114,0.9776909779524106,0.1623413805392625,0.8186349431603628,True,0.875,0.9834712298507235,0.0398023302469532,0.0484900265678555,0.6869414957823914,,,,,,,,,,,,,0.9761904761904763
E4_holdout_2021_24,hgb,0,0.0,21918,8766,0.9983865987070588,0.0393476853123391,0.8542277667760306,True,0.925,0.9841712342884934,0.0203473173652896,0.062011813486927,0.8435499196913303,,,,,,,,,,,,,0.9523809523809524
E5_noise,hgb,0,0.1,23000,7684,0.9928656900889388,0.0868706905230573,0.7794828371831279,True,0.915,0.9773403474243828,0.0278318767345049,0.064962424590596,0.7332121664827596,,,,,,,,,,,,,0.9523809523809524
E5_noise,hgb,0,0.2,23000,7684,0.9847960595433308,0.1268163847431807,0.811516378437229,True,0.905,0.9752872720685192,0.0319062187008122,0.0694367073215102,0.7581271430137272,,,,,,,,,,,,,0.9523809523809524
E6_bootstrap,hgb,0,0.0,23000,7684,0.998148674564704,0.0442525877732948,0.8293127902450631,True,0.925,0.9845859211165122,0.0224871637083597,0.0648341269335015,0.8186349431603628,,,,,,,,,,,,,0.9523809523809524
E6_bootstrap,hgb,1,0.0,23000,7684,0.9982151077837984,0.0434513511818676,0.8542277667760306,True,0.925,0.9807379506751894,0.0230275029936633,0.0699182987160309,0.8435499196913303,,,,,,,,,,,,,0.9523809523809524
E6_bootstrap,hgb,2,0.0,23000,7684,0.998082068657125,0.0450416007246147,0.8542277667760306,True,0.95,0.9860444736472158,0.0207846976020162,0.0666378374242681,0.8435499196913303,,,,,,,,,,,,,0.9523809523809524
E6_bootstrap,hgb,3,0.0,23000,7684,0.99827815850434,0.0426769990435313,0.8542277667760306,True,0.88,0.984147411859618,0.0219366170839412,0.0620160170932039,0.8435499196913303,,,,,,,,,,,,,0.9523809523809524
E6_bootstrap,hgb,4,0.0,23000,7684,0.9981397611485464,0.044358989406347,0.8542277667760306,True,0.89,0.9848325578932412,0.0217618645749095,0.0644987080297096,0.8186349431603628,,,,,,,,,,,,,0.9523809523809524
